{"cameraMode":{"drawMode":0,"name":"Shaded","section":"Shading Mode"},"sceneLighting":false,"audioPlay":false,"sceneViewState":{"showFog":true,"showMaterialUpdate":false,"showSkybox":false,"showFlares":true,"showImageEffects":true,"showParticleSystems":true},"in2DMode":false,"pivot":{"x":10.718473434448243,"y":0.41901981830596926,"z":-0.3037322163581848},"rotation":{"x":0.007668760605156422,"y":-0.9921627044677734,"z":0.1024463027715683,"w":0.07191002368927002},"size":0.9444677233695984,"orthographic":false}